species,longitude,latitude
Celtis tala,-59.8729388416,-33.6584546353
Celtis tala,-57.6465611,-36.3061147
Celtis tala,-58.5003877804,-34.5571688261
Celtis tala,-58.417075,-35.0094083333
Celtis tala,-56.86205212,-36.5973408
Celtis tala,-58.2052253042,-35.2651254882
Celtis tala,-58.8963046297,-34.2267028164
Celtis tala,-56.838138,-36.338895
Celtis tala,-57.9203376667,-35.1313095
Celtis tala,-58.3571033333,-34.925445
Celtis tala,-56.5709353611,-34.5118357675
Celtis tala,-60.1820873758,-33.4018059796
Celtis tala,-58.0733861667,-34.86642
Celtis tala,-58.355322,-34.5972459722
Celtis tala,-57.527337,-36.386851
Celtis tala,-57.9671746865,-34.9048058998
Celtis tala,-57.2624083,-35.2462239
Celtis tala,-58.7782089785,-34.6161556115
Celtis tala,-61.48353,-33.6580316667
Celtis tala,-58.4339635447,-34.7835771891
Celtis tala,-59.0823836316,-34.4004167711
Celtis tala,-57.781595,-37.9446916667
Celtis tala,-58.985650698,-34.3103798985
Celtis tala,-56.7164583333,-34.33013
Celtis tala,-58.1258504474,-34.7709759557
Celtis tala,-58.4641675981,-34.6632825422
Celtis tala,-61.0469861111,-33.4139194444
Celtis tala,-58.6739019479,-34.6468231775
Celtis tala,-58.8019891293,-35.46024647
Celtis tala,-58.7675789722,-38.1767129722
Celtis tala,-58.0144592483,-35.579388275
Celtis tala,-58.6100652007,-34.5490090842
Celtis tala,-58.835484752,-34.7774640476
Celtis tala,-58.3662640953,-34.4448698718
Celtis tala,-58.2529517951,-34.5055136808
Celtis tala,-57.14608,-33.2806633333
Celtis tala,-57.0647966667,-33.6734133333
Celtis tala,-60.1122876399,-38.7896966054
Celtis tala,-56.9111266667,-33.5767133333
Celtis tala,-56.582615,-33.5051733333
Celtis tala,-57.1629497108,-35.3776809978
Celtis tala,-58.5003184,-34.4642154
Celtis tala,-58.655361269,-34.7842581481
Celtis tala,-58.2279926117,-34.8569437163
Celtis tala,-59.2512618,-34.4347291997
Celtis tala,-57.8376629722,-35.8256039722
Celtis tala,-58.1251928466,-35.5376353993
Celtis tala,-58.0260666041,-35.6699212383
Celtis tala,-57.6588463927,-35.5261696209
Celtis tala,-60.1070507616,-34.901166432
Celtis tala,-58.2984958818,-34.6799337051
Celtis tala,-58.047353194,-37.7010059913
Celtis tala,-58.8045578,-33.5007183
Celtis tala,-57.3919629788,-35.1351472739
Celtis tala,-57.4458653397,-36.0383501001
Celtis tala,-58.916764144,-34.4126133837
Celtis tala,-58.7718947443,-34.2980485865
Celtis tala,-56.4291533333,-34.7613233333
Celtis tala,-58.7308166667,-34.4747216667
Celtis tala,-59.2337050473,-34.5422842503
Celtis tala,-59.0571973,-34.1292367
Schinus molle,-58.426105,-33.8083783333
Schinus molle,-58.7429395225,-34.6879165247
Schinus molle,-59.8410697,-37.2017285
Schinus molle,-59.0312333333,-34.1046633333
Schinus molle,-58.3659497,-34.6136271
Schinus molle,-58.4649078878,-34.6639267327
Schinus molle,-58.6989540607,-34.5555087748
Schinus molle,-56.728805,-36.3884666667
Schinus molle,-58.7429073,-34.315299
Schinus molle,-56.8017745904,-33.6795105539
Schinus molle,-58.70057,-35.4819633333
Schinus molle,-59.6189859509,-38.3509601083
Schinus molle,-56.7496321,-34.6941667
Schinus molle,-57.7603995105,-33.3874357638
Schinus molle,-61.9676609337,-33.7389903054
Schinus molle,-58.89963,-34.226117
Schinus molle,-56.9884333333,-34.4032833333
Schinus molle,-56.8861136,-34.4705154
Schinus molle,-56.7085869983,-36.5552600273
Schinus molle,-62.7982722222,-37.5537861111
Schinus molle,-61.7897092997,-38.1286659
Schinus molle,-57.7797417618,-37.9445188569
Schinus molle,-56.7192859948,-34.3437045909
Schinus molle,-58.9777483333,-34.4141
Schinus molle,-58.09759852,-34.8334274
Schinus molle,-57.3742267235,-34.2685408611
Schinus molle,-60.3233501315,-36.8936004373
Schinus molle,-62.9755690321,-35.4852131843
Schinus molle,-61.9446015997,-38.0884215997
Schinus molle,-58.2555416599,-34.1816459578
Schinus molle,-57.2982754,-34.3341726
Schinus molle,-58.2551883333,-37.8625616667
Schinus molle,-56.3881716667,-34.7742366667
Schinus molle,-57.434676066,-37.7406815624
Schinus molle,-56.5528021537,-34.2759710407
Schinus molle,-58.7570069225,-33.4978364296
Schinus molle,-58.197127907,-34.7831221429
Schinus molle,-58.5727466667,-34.6493833333
Schinus molle,-60.2400277778,-33.3026805556
Schinus molle,-58.6285861111,-35.5692111111
Schinus molle,-58.7376883333,-38.5811183333
Schinus molle,-62.2026468079,-38.743406056
Schinus molle,-61.8991933333,-38.5005933333
Schinus molle,-57.8507467081,-34.9952261456
Schinus molle,-59.9736111111,-33.5013888889
Schinus molle,-61.5544176847,-34.8590329103
Schinus molle,-62.288146019,-37.9444259438
Schinus molle,-56.5226817,-33.3911275
Schinus molle,-57.8506216132,-34.4458766098
Schinus molle,-58.0092539722,-34.9762819722
Schinus molle,-58.3791919803,-34.7868736998
Schinus molle,-63.0147772282,-35.0327943312
Schinus molle,-64.537077,-31.773281
Schinus molle,-60.78825,-32.951255
Schinus molle,-58.869554,-34.673744
Schinus molle,-59.850565,-33.640513
Schinus molle,-59.635802,-29.176919
Schinus molle,-60.503833,-31.621845
Schinus molle,-58.461037,-32.424737
Schinus molle,-63.559492,-36.05519
Schinus molle,-64.314112,-31.074783
Schinus molle,-60.593033,-25.916122
Schinus molle,-58.238489,-32.463044
Schinus molle,-57.964372,-30.66275
Schinus molle,-62.091498,-38.071655
Schinus molle,-60.173953,-32.597909
Schinus molle,-64.467712,-31.098103
Schinus molle,-65.418534,-24.737532
Schinus molle,-66.436915,-38.74483
Schinus molle,-61.013693,-32.715045
Schinus molle,-64.72631,-32.692226
Schinus molle,-58.23708,-32.309066
Schinus molle,-63.686963,-35.663163
Schinus molle,-55.633286,-27.385302
Schinus molle,-68.876619,-32.894559
Schinus molle,-59.712894,-31.38677
Schinus molle,-64.522689,-42.429849
Schinus molle,-58.456846,-33.040613
Schinus molle,-62.684438,-30.921933
Schinus molle,-63.758751,-35.591975
Schinus molle,-63.550085,-37.750265
Schinus molle,-58.016946,-30.752667
Schinus molle,-61.164399,-33.054719
Schinus molle,-64.599867,-37.368794
Schinus molle,-58.240225,-30.682048
Schinus molle,-59.927525,-31.657512
Schinus molle,-64.484379,-37.118973
Schinus molle,-60.839028,-31.761627
Schinus molle,-58.613473,-34.439864
Schinus molle,-60.904466,-31.467667
Schinus molle,-61.885772,-31.89343
Schinus molle,-64.390564,-36.673748
Schinus molle,-60.527176,-31.833941
Schinus molle,-64.571212,-37.218665
Schinus molle,-60.004362,-36.02082
Schinus molle,-64.488959,-31.402944
Schinus molle,-58.169258,-32.238369
Schinus molle,-64.435218,-31.66335
Schinus molle,-58.013611,-35.582778
Schinus molle,-61.724741,-36.301657
Schinus molle,-64.101403,-38.97796
Schinus molle,-68.510358,-34.837133
Schinus molle,-65.029608,-32.211384
Schinus molle,-58.527311,-34.7448
Schinus molle,-64.505524,-30.861103
Schinus molle,-60.791395,-31.663091
Schinus molle,-59.072325,-34.344294
Schinus molle,-59.65133,-33.679488
Schinus molle,-64.759923,-30.762707
Schinus molle,-64.260709,-36.629672
Schinus molle,-64.234352,-35.923457
Schinus molle,-60.626223,-32.056857
Schinus molle,-61.693666,-31.449618
Schinus molle,-65.429338,-33.686928
Schinus molle,-58.771367,-34.430363
Schinus molle,-57.691783,-37.460758
Schinus molle,-64.976782,-31.688798
Schinus molle,-64.621428,-32.271416
Schinus molle,-60.17749,-35.407072
Schinus molle,-64.263415,-31.36287
Schinus molle,-61.869794,-35.837569
Schinus molle,-58.467268,-34.546364
Schinus molle,-59.519092,-33.799866
Schinus molle,-63.733888,-32.423434
Schinus molle,-68.614634,-32.891028
Schinus molle,-68.583404,-32.693282
Schinus molle,-61.289115,-38.978762
Schinus molle,-60.66458,-32.924177
Schinus molle,-58.729074,-35.025064
Schinus molle,-58.210988,-31.874184
Schinus molle,-60.674404,-31.636112
Schinus molle,-60.620545,-33.059903
Schinus molle,-60.932124,-31.682342
Schinus molle,-68.614537,-34.773434
Schinus molle,-67.659096,-35.026141
Schinus molle,-59.20279,-38.044716
Schinus molle,-64.41239,-32.185663
Schinus molle,-65.032824,-32.032311
Schinus molle,-58.507722,-34.83544
Schinus molle,-59.985461,-32.708769
Schinus molle,-64.469907,-31.234032
Schinus molle,-60.16278,-31.199013
Schinus molle,-64.998167,-32.330222
Schinus molle,-67.791163,-37.867642
Schinus molle,-59.133347,-34.546535
Schinus molle,-64.359089,-33.135352
Schinus molle,-64.257662,-31.255409
Schinus molle,-62.327607,-38.681332
Schinus molle,-57.933683,-34.910264
Schinus molle,-58.103795,-31.425696
Schinus molle,-68.706497,-33.317959
Schinus molle,-58.973354,-34.306481
Schinus molle,-64.616095,-31.350669
Schinus molle,-57.56595,-38.07563
Schinus molle,-60.454598,-31.759695
Schinus molle,-58.652428,-33.102485
Schinus molle,-58.983508,-27.389601
Schinus molle,-63.255278,-32.416111
Schinus molle,-67.151467,-38.153178
Schinus molle,-58.550568,-32.98772
Schinus molle,-62.721367,-31.872298
Schinus molle,-60.288373,-38.405876
Schinus molle,-68.915275,-32.613115
Schinus molle,-60.315172,-31.784503
Schinus molle,-60.546521,-31.713785
Schinus molle,-58.453154,-34.935513
Schinus molle,-56.812908,-29.4643
Solanum pseudocapsicum,-59.8426934,-33.6592973
Solanum pseudocapsicum,-58.6458009722,-34.1463219722
Solanum pseudocapsicum,-58.7322612575,-33.4929936343
Solanum pseudocapsicum,-59.6628665552,-33.6757814114
Solanum pseudocapsicum,-59.7600295,-34.803638
Solanum pseudocapsicum,-58.1205749139,-34.7512979157
Solanum pseudocapsicum,-62.9658090028,-35.0676270446
Solanum pseudocapsicum,-58.017896291,-34.9573902256
Solanum pseudocapsicum,-57.8387478366,-34.8556902924
Solanum pseudocapsicum,-57.8531918675,-34.471225427
Solanum pseudocapsicum,-60.7925598167,-34.7265469175
Solanum pseudocapsicum,-60.0045531616,-33.4850683496
Solanum pseudocapsicum,-58.8962332159,-35.1134296897
Solanum pseudocapsicum,-57.3319666667,-34.3355533333
Solanum pseudocapsicum,-57.9854210839,-34.276431414
Solanum pseudocapsicum,-61.9355215319,-33.7012290582
Solanum pseudocapsicum,-59.9283272972,-35.0838138028
Solanum pseudocapsicum,-59.5323739722,-33.8348099722
Solanum pseudocapsicum,-58.6084194444,-34.6290722222
Solanum pseudocapsicum,-57.529225,-33.71175
Solanum pseudocapsicum,-58.5074885,-34.4483274997
Solanum pseudocapsicum,-58.892108,-33.888162
Solanum pseudocapsicum,-58.6861049722,-34.5136529722
Solanum pseudocapsicum,-61.031344263,-34.6547009296
Solanum pseudocapsicum,-60.2928715199,-36.8971700705
Solanum pseudocapsicum,-56.57828081,-33.82939549
Solanum pseudocapsicum,-58.2535445,-34.1854052
Solanum pseudocapsicum,-57.8602232197,-35.5741645523
Solanum pseudocapsicum,-62.678545375,-34.2841633268
Solanum pseudocapsicum,-58.7643580511,-34.3127969948
Solanum pseudocapsicum,-58.6539580903,-34.2412707139
Solanum pseudocapsicum,-58.1055241172,-33.3541136189
Solanum pseudocapsicum,-56.3990883333,-34.44666
Solanum pseudocapsicum,-58.9202812353,-34.4147908659
Solanum pseudocapsicum,-62.7942580112,-37.5540538696
Solanum pseudocapsicum,-56.8122769354,-33.6699242294
Solanum pseudocapsicum,-58.0084599456,-34.6730775336
Solanum pseudocapsicum,-61.092272,-36.1932187
Solanum pseudocapsicum,-58.3157723397,-34.6604969317
Solanum pseudocapsicum,-61.5883333333,-33.6508333333
Solanum pseudocapsicum,-59.27435,-33.97433
Solanum pseudocapsicum,-58.4341612489,-34.7847242864
Solanum pseudocapsicum,-57.422233986,-37.6150766722
Solanum pseudocapsicum,-56.5206009722,-33.3629549722
Solanum pseudocapsicum,-57.3863179327,-35.1283416801
Solanum pseudocapsicum,-59.4292508438,-35.1246130063
Solanum pseudocapsicum,-58.3478322837,-34.8538778644
Solanum pseudocapsicum,-58.614975,-35.5875138889
Solanum pseudocapsicum,-58.1204482679,-35.0542895301
Solanum pseudocapsicum,-58.9473066389,-35.3236139722
Solanum pseudocapsicum,-57.7713023,-35.5199843997
Solanum pseudocapsicum,-59.6388393056,-35.6368976111
Solanum pseudocapsicum,-57.801087,-37.940269
Solanum pseudocapsicum,-65.531595,-28.180306
Solanum pseudocapsicum,-64.959851,-32.456467
Solanum pseudocapsicum,-65.438709,-26.196863
Solanum pseudocapsicum,-64.364008,-31.192145
Solanum pseudocapsicum,-65.782656,-27.825217
Solanum pseudocapsicum,-54.133812,-25.534031
Solanum pseudocapsicum,-66.889586,-29.314628
Solanum pseudocapsicum,-60.606742,-31.611795
Solanum pseudocapsicum,-58.051298,-35.323731
Solanum pseudocapsicum,-60.883797,-31.684103
Solanum pseudocapsicum,-64.4206,-24.093798
Solanum pseudocapsicum,-61.180369,-31.45885
Solanum pseudocapsicum,-58.651622,-33.007553
Solanum pseudocapsicum,-61.924312,-30.343886
Solanum pseudocapsicum,-60.952575,-31.804694
Solanum pseudocapsicum,-54.113476,-26.596153
Solanum pseudocapsicum,-60.238122,-29.341208
Solanum pseudocapsicum,-61.460851,-29.136041
Solanum pseudocapsicum,-58.947545,-27.437962
Solanum pseudocapsicum,-61.324785,-32.325127
Solanum pseudocapsicum,-58.026828,-31.543198
Solanum pseudocapsicum,-60.925917,-34.554266
Solanum pseudocapsicum,-60.708077,-31.585557
Solanum pseudocapsicum,-62.870826,-32.986675
Solanum pseudocapsicum,-64.976837,-31.625713
Solanum pseudocapsicum,-58.883529,-30.622875
Solanum pseudocapsicum,-64.763599,-31.996139
Solanum pseudocapsicum,-65.278602,-26.690719
Solanum pseudocapsicum,-64.599845,-32.055765
Solanum pseudocapsicum,-64.97291,-32.32054
Solanum pseudocapsicum,-58.138875,-34.849343
Solanum pseudocapsicum,-62.346858,-34.346613
Solanum pseudocapsicum,-55.589707,-27.291183
Solanum pseudocapsicum,-61.164993,-31.607544
Solanum pseudocapsicum,-60.600232,-30.78316
Solanum pseudocapsicum,-60.759106,-31.690786
Solanum pseudocapsicum,-57.997085,-31.29325
Solanum pseudocapsicum,-64.473242,-32.085572
Solanum pseudocapsicum,-58.632436,-34.395697
Solanum pseudocapsicum,-60.036823,-32.532366
Solanum pseudocapsicum,-64.43037,-31.11522
Solanum pseudocapsicum,-60.788181,-32.951203
Solanum pseudocapsicum,-58.601549,-33.630145
Solanum pseudocapsicum,-63.926981,-33.088526
Solanum pseudocapsicum,-56.838953,-36.593452
Solanum pseudocapsicum,-61.017493,-31.493947
Solanum pseudocapsicum,-57.980959,-30.817932
Solanum pseudocapsicum,-65.471137,-26.769385
Solanum pseudocapsicum,-61.592572,-31.264317
Solanum pseudocapsicum,-56.744869,-36.476636
Solanum pseudocapsicum,-57.18625,-28.540049
Solanum pseudocapsicum,-60.45137,-29.92113
Solanum pseudocapsicum,-59.09353,-33.086503
Solanum pseudocapsicum,-64.675156,-24.729225
Solanum pseudocapsicum,-64.720838,-22.369594
Solanum pseudocapsicum,-65.406204,-28.328363
Solanum pseudocapsicum,-60.891612,-33.032386
Solanum pseudocapsicum,-65.642026,-28.11817
Solanum pseudocapsicum,-58.232564000000004,-31.875758
Solanum pseudocapsicum,-60.807194,-31.484215
Solanum pseudocapsicum,-60.373325,-33.207211
Solanum pseudocapsicum,-53.964499000000004,-25.853554
Solanum pseudocapsicum,-59.24074,-28.50256
Solanum pseudocapsicum,-61.115025,-31.736837
Solanum pseudocapsicum,-58.959405,-27.330627
Solanum pseudocapsicum,-58.511167,-33.007772
Solanum pseudocapsicum,-59.427252,-28.745177
Solanum pseudocapsicum,-59.725204,-30.39843
Solanum pseudocapsicum,-68.799891,-32.986581
Solanum pseudocapsicum,-62.279447,-38.720562
Solanum pseudocapsicum,-58.535075,-34.354506
Solanum pseudocapsicum,-57.870866,-35.908732
Solanum pseudocapsicum,-66.238879,-33.260515
Solanum pseudocapsicum,-59.952172,-30.58719
Solanum pseudocapsicum,-58.999812,-34.591139
Solanum pseudocapsicum,-58.282385,-34.765102
Solanum pseudocapsicum,-63.643598,-31.892182
Solanum pseudocapsicum,-61.291274,-31.318658
Solanum pseudocapsicum,-59.540975,-34.713131
Solanum pseudocapsicum,-59.078069,-34.388568
Solanum pseudocapsicum,-58.539697,-34.873473
Solanum pseudocapsicum,-60.582432,-33.917412
Solanum pseudocapsicum,-61.036756,-32.236992
Solanum pseudocapsicum,-65.319386,-26.803924
Solanum pseudocapsicum,-64.621428,-32.271416
Solanum pseudocapsicum,-57.855371,-35.022789
Solanum pseudocapsicum,-55.929956,-27.409745
Solanum pseudocapsicum,-58.016308,-34.786036
Solanum pseudocapsicum,-65.311472,-24.166003
Solanum pseudocapsicum,-57.41658,-28.648494
Solanum pseudocapsicum,-60.632721,-32.980808
Solanum pseudocapsicum,-58.707117,-30.870232
Solanum pseudocapsicum,-56.815263,-29.462895
Solanum pseudocapsicum,-58.871405,-34.180805
Solanum pseudocapsicum,-59.256628,-29.338122
Solanum pseudocapsicum,-64.120353,-38.989193
Solanum pseudocapsicum,-57.560051,-37.951629
Solanum pseudocapsicum,-58.481335,-34.595322
Solanum pseudocapsicum,-66.001275,-33.117907
Solanum pseudocapsicum,-60.157642,-33.437585
Solanum pseudocapsicum,-58.741342,-34.612234
Cortaderia selloana,-62.2560651984,-38.0559542288
Cortaderia selloana,-57.0242929944,-36.5038798586
Cortaderia selloana,-59.1063656588,-34.3417290284
Cortaderia selloana,-58.0797258997,-34.8693262
Cortaderia selloana,-58.945546695,-35.2933973282
Cortaderia selloana,-56.4228584804,-34.7657243907
Cortaderia selloana,-58.3158277778,-34.6857361111
Cortaderia selloana,-59.7880889722,-35.700394
Cortaderia selloana,-58.8138250262,-34.4667149255
Cortaderia selloana,-58.4368166667,-34.77934
Cortaderia selloana,-58.353026879,-34.9272818304
Cortaderia selloana,-57.5424988568,-37.9737403452
Cortaderia selloana,-58.7981393217,-34.3060085126
Cortaderia selloana,-58.8349430636,-34.8384521424
Cortaderia selloana,-59.2931391299,-34.986793556
Cortaderia selloana,-62.5038815929,-36.7841771877
Cortaderia selloana,-58.0702885,-35.5476155
Cortaderia selloana,-60.2808569722,-38.3561819722
Cortaderia selloana,-58.8413107,-34.6832786
Cortaderia selloana,-58.8196033333,-35.470385
Cortaderia selloana,-59.889126997,-33.5539040369
Cortaderia selloana,-60.33378361,-35.08207016
Cortaderia selloana,-57.865884,-34.324871
Cortaderia selloana,-56.7061143368,-34.3382121666
Cortaderia selloana,-58.9354607163,-34.3211486514
Cortaderia selloana,-62.9927458987,-35.2247538819
Cortaderia selloana,-60.1070893183,-34.9040065836
Cortaderia selloana,-58.36355064,-33.94889924
Cortaderia selloana,-60.1027518,-38.8506477
Cortaderia selloana,-58.928744644,-34.1160851893
Cortaderia selloana,-57.3795678377,-35.7436658657
Cortaderia selloana,-57.3913613063,-35.1324580077
Cortaderia selloana,-57.9968232586,-35.6152433882
Cortaderia selloana,-57.0999487946,-37.1897834725
Cortaderia selloana,-57.8449199349,-34.457960518
Cortaderia selloana,-60.6429642,-38.9371705
Cortaderia selloana,-57.4367116667,-37.7385366667
Cortaderia selloana,-57.2833858313,-35.2420890682
Cortaderia selloana,-58.9171899483,-34.4163027311
Cortaderia selloana,-56.9080733538,-34.6261358126
Cortaderia selloana,-62.2776333333,-33.7736016667
Cortaderia selloana,-62.1219247486,-33.5853570839
Cortaderia selloana,-62.8934666667,-33.4083016667
Cortaderia selloana,-62.6068029722,-36.5622839722
Cortaderia selloana,-57.474391343,-38.1753781607
Cortaderia selloana,-59.0373489722,-36.251947
Cortaderia selloana,-56.8607058004,-37.1145576428
Cortaderia selloana,-70.058434,-38.913402
Cortaderia selloana,-61.180018,-33.063
Cortaderia selloana,-66.435559,-38.741602
Cortaderia selloana,-58.973398,-38.658711
Cortaderia selloana,-62.751174,-36.013118
Cortaderia selloana,-69.764841,-32.84203
Cortaderia selloana,-58.446513,-34.682486
Cortaderia selloana,-69.260007,-33.60851
Cortaderia selloana,-64.96347,-32.455596
Cortaderia selloana,-61.943632,-33.702167
Cortaderia selloana,-60.627261,-32.119089
Cortaderia selloana,-58.352694,-34.598088
Cortaderia selloana,-60.261413,-30.406518
Cortaderia selloana,-64.283274,-31.254532
Cortaderia selloana,-58.468925,-34.513514
Cortaderia selloana,-66.232365,-33.279045000000004
Cortaderia selloana,-58.497196,-35.765744
Cortaderia selloana,-60.942576,-31.721177
Cortaderia selloana,-62.357222,-37.870969
Cortaderia selloana,-61.350598,-29.281408
Cortaderia selloana,-67.687518,-28.902858
Cortaderia selloana,-61.795879,-33.028286
Cortaderia selloana,-60.548189,-31.711986
Cortaderia selloana,-64.599867,-37.368794
Cortaderia selloana,-58.754391,-33.3873
Cortaderia selloana,-62.352176,-36.940486
Cortaderia selloana,-64.277828,-31.352477
Cortaderia selloana,-60.782501,-32.947704
Cortaderia selloana,-63.757789,-35.659324
Cortaderia selloana,-60.348453,-36.898431
Cortaderia selloana,-60.604413,-31.610122
Cortaderia selloana,-64.701701,-31.670893
Cortaderia selloana,-68.514641,-31.55087
Cortaderia selloana,-66.942203,-29.4254
Cortaderia selloana,-58.428429,-35.01305
Cortaderia selloana,-60.160818,-31.219431
Cortaderia selloana,-71.827296,-41.203749
Cortaderia selloana,-61.89402,-29.13752
Cortaderia selloana,-60.407104,-31.621833
Cortaderia selloana,-62.998083,-35.532531
Cortaderia selloana,-63.661878,-35.726477
Cortaderia selloana,-60.397357,-31.771994
Cortaderia selloana,-58.506379,-34.413899
Cortaderia selloana,-59.907641,-31.750786
Cortaderia selloana,-63.521092,-37.741785
Cortaderia selloana,-64.904514,-31.984365
Cortaderia selloana,-63.607047,-37.219345
Cortaderia selloana,-59.922042,-31.189889
Cortaderia selloana,-58.243053,-38.446281
Cortaderia selloana,-60.440272,-34.617453
Cortaderia selloana,-57.024963,-37.329859
Cortaderia selloana,-63.023673,-40.78963
Cortaderia selloana,-59.755373,-38.812138
Cortaderia selloana,-65.712949,-26.848546
Cortaderia selloana,-68.928363,-32.879419
Cortaderia selloana,-62.641261,-34.244164
Cortaderia selloana,-58.018858,-34.788228
Cortaderia selloana,-64.771711,-32.004664
Cortaderia selloana,-61.793056,-38.1298
Cortaderia selloana,-65.017384,-32.041203
Cortaderia selloana,-64.456238,-31.109345
Cortaderia selloana,-65.281149,-31.489519
Cortaderia selloana,-57.750252,-38.234575
Cortaderia selloana,-64.573106,-31.481931
Cortaderia selloana,-56.691448,-36.670097
Cortaderia selloana,-66.096621,-32.909241
Cortaderia selloana,-70.290571,-38.748498
Cortaderia selloana,-62.355192,-38.686571
Cortaderia selloana,-65.01276,-32.166053
Cortaderia selloana,-59.077573,-34.006996
Cortaderia selloana,-58.611926,-34.623245
Cortaderia selloana,-71.663359,-40.487717
Cortaderia selloana,-65.296411,-26.799283
Cortaderia selloana,-62.774042,-37.167914
Cortaderia selloana,-64.115355,-32.150737
Cortaderia selloana,-65.008319,-31.646789
Cortaderia selloana,-62.225268,-36.878578
Cortaderia selloana,-62.022962,-38.061148
Cortaderia selloana,-60.75304,-31.676546
Cortaderia selloana,-60.605451,-38.627173
Cortaderia selloana,-61.20715,-30.183429
Cortaderia selloana,-60.833932,-31.787117
Cortaderia selloana,-69.500537,-31.670822
Cortaderia selloana,-58.966396,-33.731264
Cortaderia selloana,-67.71026,-37.79264
Cortaderia selloana,-61.077159,-31.549728000000002
Cortaderia selloana,-58.170395,-34.796739
Cortaderia selloana,-60.508665,-31.839245
Cortaderia selloana,-64.996036,-31.807432
Cortaderia selloana,-62.229905,-38.679903
Cortaderia selloana,-62.092797,-38.145266
Cortaderia selloana,-58.88112,-34.237383
Cortaderia selloana,-62.346858,-34.346613
Cortaderia selloana,-64.707125,-31.563283
Cortaderia selloana,-61.167997,-34.073272
Cortaderia selloana,-60.518604,-31.23089
Cortaderia selloana,-58.631183,-34.388042
Cortaderia selloana,-70.043103,-40.014857
Cortaderia selloana,-61.187655,-30.52078
Cortaderia selloana,-62.083869,-38.586658
Cortaderia selloana,-60.962111,-32.020743
Cortaderia selloana,-60.016825,-35.115268
Cortaderia selloana,-64.212576,-35.057074
Cortaderia selloana,-56.838572,-36.338588
Cortaderia selloana,-58.981007,-37.299835
